INSERT INTO rank(id, name, short_name, is_officer)
VALUES
    (1, 'рядовой', 'ряд.', FALSE),
    (2, 'ефрейтор', 'ефр.', FALSE),
    (3, 'младший сержант', 'мл. с-т', FALSE),
    (4, 'сержант', 'с-т', FALSE),
    (5, 'старший сержант', 'ст. с-т', FALSE),
    (6, 'старшина', 'ст-на', FALSE),
    (7, 'прапорщик', 'пр-к', FALSE),
    (8, 'старший прапорщик', 'ст. пр-к', FALSE),
    (9, 'младший лейтенант', 'мл. л-т', TRUE),
    (10, 'лейтенант', 'л-т', TRUE),
    (11, 'старший лейтенант', 'ст. л-т', TRUE),
    (12, 'капитан', 'к-н', TRUE),
    (13, 'майор', 'м-р', TRUE),
    (14, 'подполковник', 'п/п-к', TRUE),
    (15, 'полковник', 'п-к', TRUE);


INSERT INTO employee(id, first_name, last_name, mid_name, birthday, is_admin, is_sentry, rank_id)
VALUES
    ('220697264', 'Денис', 'Смагин', 'Александрович',        '1988-07-23', TRUE, TRUE, 8),


    ('399295463', 'Павел', 'Катусин', 'Викторович',          '1988-07-23', FALSE, TRUE, 7),
    ('1000072892', 'Семен', 'Бобков', 'Александрович',       '1988-07-23', FALSE, FALSE, 7),
    ('5186950660', 'Павел', 'Бортников', 'Леонидович',       '1988-07-23', FALSE, TRUE, 10),


    ('501372585', 'Антон', 'Брусник', 'Олегович',            '1990-03-13', FALSE, FALSE, 7),
    ('2280697343', 'Илья', 'Елизаров', 'Михайлович',         '1988-07-23', FALSE, TRUE, 11),
    ('272069734', 'Григорий', 'Рапинчук', 'Петрович',        '1988-07-23', FALSE, FALSE, 7),
    ('26206545264', 'Илья', 'Серяков', 'Игоревич',           '1988-07-23', FALSE, FALSE, 7),
    ('22534597264', 'Сергей', 'Тараненко', 'Александрович',  '1988-07-23', FALSE, FALSE, 7),
    ('22106945464', 'Максим', 'Исаев', 'Васильевич',         '1988-07-23', FALSE, FALSE, 7),
    ('212457264', 'Евгений', 'Чепурной', 'Владимирович',     '1988-07-23', FALSE, FALSE, 7),
    ('221106945264', 'Максим', 'Цесарь', 'Викторович',       '1988-07-23', FALSE, TRUE, 9),
    ('21104537264', 'Евгений', 'Полников', 'Евгеньевич',     '1988-07-23', FALSE, FALSE, 7),
    ('2210623464', 'Никита', 'Семенов', 'Николаевич',        '1988-07-23', FALSE, FALSE, 7),
    ('295227264', 'Константин', 'Семенов', 'Николаевич',     '1988-07-23', FALSE, FALSE, 7),
    ('275557264', 'Виктор', 'Гаврилов', 'Алексеевич',        '1988-07-23', FALSE, FALSE, 7),
    ('260444264', 'Константин', 'Григорьев', 'Павлович',     '1988-07-23', FALSE, FALSE, 7),
    ('25069657', 'Андрей', 'Кривич', 'Викторович',           '1988-07-23', FALSE, FALSE, 7),
    ('220625254', 'Денис', 'Кулиничев', 'Александрович',     '1988-07-23', FALSE, FALSE, 7),
    ('23023457264', 'Максим', 'Официн', 'Сергеевич',         '1988-07-23', FALSE, TRUE, 8),
    ('230665664', 'Владислав', 'Дженжера', 'Алексеевич',     '1988-07-23', FALSE, FALSE, 7),
    ('320347264', 'Андрей', 'Бочаров', 'Николаевич',         '1988-07-23', FALSE, FALSE, 7),
    ('220665664', 'Эдуард', 'Цкуа', 'Григорьевич',           '1988-07-23', FALSE, FALSE, 7);

INSERT INTO post(name, alias, is_main, is_24h, ordering)
VALUES
    ('p1_1',    'Пост 1/1',     TRUE,   TRUE,   1    ),
    ('p1_2',    'Пост 1/2',     TRUE,   TRUE,   2    ),
    ('gbr1',    'Гбр 1',        TRUE,   TRUE,   3    ),
    ('gbr2',    'Гбр 2',        TRUE,   TRUE,   4    ),
    ('p7_1',    'Пост 7/1',     TRUE,   TRUE,   5    ),
    ('p7_2',    'Пост 7/2',     TRUE,   TRUE,   6    ),
    ('hawk',    'Ястреб',       TRUE,   FALSE,  7    ),
    ('sentry',  'Дежурный',     TRUE,   TRUE,   30   ),
    ('p2',      '2 пост',       FALSE,  FALSE,  8    ),
    ('p3',      '3 пост',       FALSE,  FALSE,  9    );
